station,metric,t0,t_sig,lead_min,event
ATHN,entropy,2023-04-24 14:07:00,2023-04-24 09:30:00,-277.0,20230423
ATHN,sampen,2023-04-24 14:07:00,,,20230423
ATHN,permutation_entropy,2023-04-24 14:07:00,2023-04-24 06:50:00,-437.0,20230423
ATHN,shannon_entropy,2023-04-24 14:07:00,2023-04-24 08:20:00,-347.0,20230423
ATHN,spectral_entropy,2023-04-24 14:07:00,,,20230423
ATHN,app_entropy,2023-04-24 14:07:00,2023-04-24 11:10:00,-177.0,20230423
ATHN,hurst,2023-04-24 14:07:00,2023-04-24 08:10:00,-357.0,20230423
ATHN,dfa,2023-04-24 14:07:00,,,20230423
ATHN,mfhurst_b,2023-04-24 14:07:00,,,20230423
ATHN,higuchi_fd,2023-04-24 14:07:00,2023-04-24 08:00:00,-367.0,20230423
ATHN,katz_fd,2023-04-24 14:07:00,2023-04-24 08:05:00,-362.0,20230423
ATHN,petrosian_fd,2023-04-24 14:07:00,,,20230423
ATHN,lepel_ziv,2023-04-24 14:07:00,2023-04-24 09:35:00,-272.0,20230423
ATHN,corr_dim,2023-04-24 14:07:00,2023-04-24 07:40:00,-387.0,20230423
DOMB,entropy,2023-04-23 19:41:00,2023-04-23 12:05:00,-456.0,20230423
DOMB,sampen,2023-04-23 19:41:00,2023-04-23 15:05:00,-276.0,20230423
DOMB,permutation_entropy,2023-04-23 19:41:00,,,20230423
DOMB,shannon_entropy,2023-04-23 19:41:00,2023-04-23 18:15:00,-86.0,20230423
DOMB,spectral_entropy,2023-04-23 19:41:00,2023-04-23 12:05:00,-456.0,20230423
DOMB,app_entropy,2023-04-23 19:41:00,2023-04-23 13:35:00,-366.0,20230423
DOMB,hurst,2023-04-23 19:41:00,,,20230423
DOMB,dfa,2023-04-23 19:41:00,,,20230423
DOMB,mfhurst_b,2023-04-23 19:41:00,,,20230423
DOMB,higuchi_fd,2023-04-23 19:41:00,2023-04-23 13:55:00,-346.0,20230423
DOMB,katz_fd,2023-04-23 19:41:00,2023-04-23 15:20:00,-261.0,20230423
DOMB,petrosian_fd,2023-04-23 19:41:00,2023-04-23 12:05:00,-456.0,20230423
DOMB,lepel_ziv,2023-04-23 19:41:00,,,20230423
DOMB,corr_dim,2023-04-23 19:41:00,,,20230423
SOPO,entropy,2023-04-23 18:28:00,2023-04-23 10:50:00,-458.0,20230423
SOPO,sampen,2023-04-23 18:28:00,,,20230423
SOPO,permutation_entropy,2023-04-23 18:28:00,2023-04-23 14:25:00,-243.0,20230423
SOPO,shannon_entropy,2023-04-23 18:28:00,2023-04-23 18:15:00,-13.0,20230423
SOPO,spectral_entropy,2023-04-23 18:28:00,2023-04-23 13:20:00,-308.0,20230423
SOPO,app_entropy,2023-04-23 18:28:00,2023-04-23 17:00:00,-88.0,20230423
SOPO,hurst,2023-04-23 18:28:00,2023-04-23 13:20:00,-308.0,20230423
SOPO,dfa,2023-04-23 18:28:00,,,20230423
SOPO,mfhurst_b,2023-04-23 18:28:00,,,20230423
SOPO,higuchi_fd,2023-04-23 18:28:00,2023-04-23 13:15:00,-313.0,20230423
SOPO,katz_fd,2023-04-23 18:28:00,2023-04-23 14:30:00,-238.0,20230423
SOPO,petrosian_fd,2023-04-23 18:28:00,2023-04-23 18:10:00,-18.0,20230423
SOPO,lepel_ziv,2023-04-23 18:28:00,2023-04-23 18:25:00,-3.0,20230423
SOPO,corr_dim,2023-04-23 18:28:00,2023-04-23 17:05:00,-83.0,20230423
SOPB,entropy,2023-04-23 18:20:00,2023-04-23 10:40:00,-460.0,20230423
SOPB,sampen,2023-04-23 18:20:00,2023-04-23 16:55:00,-85.0,20230423
SOPB,permutation_entropy,2023-04-23 18:20:00,2023-04-23 17:05:00,-75.0,20230423
SOPB,shannon_entropy,2023-04-23 18:20:00,2023-04-23 10:55:00,-445.0,20230423
SOPB,spectral_entropy,2023-04-23 18:20:00,2023-04-23 12:20:00,-360.0,20230423
SOPB,app_entropy,2023-04-23 18:20:00,2023-04-23 13:10:00,-310.0,20230423
SOPB,hurst,2023-04-23 18:20:00,2023-04-23 11:15:00,-425.0,20230423
SOPB,dfa,2023-04-23 18:20:00,,,20230423
SOPB,mfhurst_b,2023-04-23 18:20:00,,,20230423
SOPB,higuchi_fd,2023-04-23 18:20:00,2023-04-23 17:00:00,-80.0,20230423
SOPB,katz_fd,2023-04-23 18:20:00,2023-04-23 16:55:00,-85.0,20230423
SOPB,petrosian_fd,2023-04-23 18:20:00,2023-04-23 15:45:00,-155.0,20230423
SOPB,lepel_ziv,2023-04-23 18:20:00,2023-04-23 13:50:00,-270.0,20230423
SOPB,corr_dim,2023-04-23 18:20:00,2023-04-23 17:05:00,-75.0,20230423
THUL,entropy,2023-04-23 22:45:00,2023-04-23 15:05:00,-460.0,20230423
THUL,sampen,2023-04-23 22:45:00,2023-04-23 18:20:00,-265.0,20230423
THUL,permutation_entropy,2023-04-23 22:45:00,2023-04-23 17:10:00,-335.0,20230423
THUL,shannon_entropy,2023-04-23 22:45:00,2023-04-23 15:50:00,-415.0,20230423
THUL,spectral_entropy,2023-04-23 22:45:00,2023-04-23 17:05:00,-340.0,20230423
THUL,app_entropy,2023-04-23 22:45:00,2023-04-23 18:20:00,-265.0,20230423
THUL,hurst,2023-04-23 22:45:00,2023-04-23 19:05:00,-220.0,20230423
THUL,dfa,2023-04-23 22:45:00,,,20230423
THUL,mfhurst_b,2023-04-23 22:45:00,,,20230423
THUL,higuchi_fd,2023-04-23 22:45:00,2023-04-23 19:05:00,-220.0,20230423
THUL,katz_fd,2023-04-23 22:45:00,2023-04-23 22:00:00,-45.0,20230423
THUL,petrosian_fd,2023-04-23 22:45:00,2023-04-23 17:10:00,-335.0,20230423
THUL,lepel_ziv,2023-04-23 22:45:00,2023-04-23 17:45:00,-300.0,20230423
THUL,corr_dim,2023-04-23 22:45:00,2023-04-23 19:15:00,-210.0,20230423
NAIN,entropy,2023-04-24 00:35:00,2023-04-23 16:55:00,-460.0,20230423
NAIN,sampen,2023-04-24 00:35:00,2023-04-23 20:20:00,-255.0,20230423
NAIN,permutation_entropy,2023-04-24 00:35:00,2023-04-23 21:05:00,-210.0,20230423
NAIN,shannon_entropy,2023-04-24 00:35:00,2023-04-23 18:35:00,-360.0,20230423
NAIN,spectral_entropy,2023-04-24 00:35:00,,,20230423
NAIN,app_entropy,2023-04-24 00:35:00,2023-04-23 23:05:00,-90.0,20230423
NAIN,hurst,2023-04-24 00:35:00,,,20230423
NAIN,dfa,2023-04-24 00:35:00,,,20230423
NAIN,mfhurst_b,2023-04-24 00:35:00,,,20230423
NAIN,higuchi_fd,2023-04-24 00:35:00,,,20230423
NAIN,katz_fd,2023-04-24 00:35:00,2023-04-23 17:00:00,-455.0,20230423
NAIN,petrosian_fd,2023-04-24 00:35:00,2023-04-24 00:10:00,-25.0,20230423
NAIN,lepel_ziv,2023-04-24 00:35:00,2023-04-23 16:55:00,-460.0,20230423
NAIN,corr_dim,2023-04-24 00:35:00,2023-04-23 23:05:00,-90.0,20230423
INVK,entropy,2023-04-23 22:18:00,2023-04-23 14:40:00,-458.0,20230423
INVK,sampen,2023-04-23 22:18:00,2023-04-23 19:30:00,-168.0,20230423
INVK,permutation_entropy,2023-04-23 22:18:00,2023-04-23 17:10:00,-308.0,20230423
INVK,shannon_entropy,2023-04-23 22:18:00,2023-04-23 16:20:00,-358.0,20230423
INVK,spectral_entropy,2023-04-23 22:18:00,2023-04-23 15:25:00,-413.0,20230423
INVK,app_entropy,2023-04-23 22:18:00,2023-04-23 18:10:00,-248.0,20230423
INVK,hurst,2023-04-23 22:18:00,2023-04-23 17:45:00,-273.0,20230423
INVK,dfa,2023-04-23 22:18:00,,,20230423
INVK,mfhurst_b,2023-04-23 22:18:00,,,20230423
INVK,higuchi_fd,2023-04-23 22:18:00,2023-04-23 18:50:00,-208.0,20230423
INVK,katz_fd,2023-04-23 22:18:00,,,20230423
INVK,petrosian_fd,2023-04-23 22:18:00,2023-04-23 16:20:00,-358.0,20230423
INVK,lepel_ziv,2023-04-23 22:18:00,2023-04-23 16:20:00,-358.0,20230423
INVK,corr_dim,2023-04-23 22:18:00,2023-04-23 15:15:00,-423.0,20230423
FSMT,entropy,2023-04-23 07:03:00,2023-04-23 03:30:00,-213.0,20230423
FSMT,sampen,2023-04-23 07:03:00,2023-04-23 03:30:00,-213.0,20230423
FSMT,permutation_entropy,2023-04-23 07:03:00,,,20230423
FSMT,shannon_entropy,2023-04-23 07:03:00,2023-04-23 05:20:00,-103.0,20230423
FSMT,spectral_entropy,2023-04-23 07:03:00,,,20230423
FSMT,app_entropy,2023-04-23 07:03:00,2023-04-23 03:30:00,-213.0,20230423
FSMT,hurst,2023-04-23 07:03:00,2023-04-23 07:00:00,-3.0,20230423
FSMT,dfa,2023-04-23 07:03:00,,,20230423
FSMT,mfhurst_b,2023-04-23 07:03:00,,,20230423
FSMT,higuchi_fd,2023-04-23 07:03:00,2023-04-23 06:40:00,-23.0,20230423
FSMT,katz_fd,2023-04-23 07:03:00,,,20230423
FSMT,petrosian_fd,2023-04-23 07:03:00,,,20230423
FSMT,lepel_ziv,2023-04-23 07:03:00,2023-04-23 06:05:00,-58.0,20230423
FSMT,corr_dim,2023-04-23 07:03:00,2023-04-23 04:45:00,-138.0,20230423
TXBY,entropy,2023-04-23 21:51:00,2023-04-23 14:15:00,-456.0,20230423
TXBY,sampen,2023-04-23 21:51:00,2023-04-23 18:25:00,-206.0,20230423
TXBY,permutation_entropy,2023-04-23 21:51:00,2023-04-23 19:50:00,-121.0,20230423
TXBY,shannon_entropy,2023-04-23 21:51:00,2023-04-23 14:55:00,-416.0,20230423
TXBY,spectral_entropy,2023-04-23 21:51:00,2023-04-23 14:45:00,-426.0,20230423
TXBY,app_entropy,2023-04-23 21:51:00,2023-04-23 20:05:00,-106.0,20230423
TXBY,hurst,2023-04-23 21:51:00,,,20230423
TXBY,dfa,2023-04-23 21:51:00,,,20230423
TXBY,mfhurst_b,2023-04-23 21:51:00,,,20230423
TXBY,higuchi_fd,2023-04-23 21:51:00,2023-04-23 19:45:00,-126.0,20230423
TXBY,katz_fd,2023-04-23 21:51:00,2023-04-23 20:10:00,-101.0,20230423
TXBY,petrosian_fd,2023-04-23 21:51:00,2023-04-23 16:15:00,-336.0,20230423
TXBY,lepel_ziv,2023-04-23 21:51:00,2023-04-23 14:55:00,-416.0,20230423
TXBY,corr_dim,2023-04-23 21:51:00,2023-04-23 20:20:00,-91.0,20230423
NRLK,entropy,2023-04-23 21:44:00,2023-04-23 14:05:00,-459.0,20230423
NRLK,sampen,2023-04-23 21:44:00,2023-04-23 19:20:00,-144.0,20230423
NRLK,permutation_entropy,2023-04-23 21:44:00,2023-04-23 18:55:00,-169.0,20230423
NRLK,shannon_entropy,2023-04-23 21:44:00,2023-04-23 16:40:00,-304.0,20230423
NRLK,spectral_entropy,2023-04-23 21:44:00,2023-04-23 18:00:00,-224.0,20230423
NRLK,app_entropy,2023-04-23 21:44:00,2023-04-23 19:25:00,-139.0,20230423
NRLK,hurst,2023-04-23 21:44:00,,,20230423
NRLK,dfa,2023-04-23 21:44:00,,,20230423
NRLK,mfhurst_b,2023-04-23 21:44:00,,,20230423
NRLK,higuchi_fd,2023-04-23 21:44:00,2023-04-23 16:05:00,-339.0,20230423
NRLK,katz_fd,2023-04-23 21:44:00,2023-04-23 19:30:00,-134.0,20230423
NRLK,petrosian_fd,2023-04-23 21:44:00,2023-04-23 18:55:00,-169.0,20230423
NRLK,lepel_ziv,2023-04-23 21:44:00,2023-04-23 18:05:00,-219.0,20230423
NRLK,corr_dim,2023-04-23 21:44:00,2023-04-23 19:55:00,-109.0,20230423
APTY,entropy,2023-04-23 22:08:00,2023-04-23 14:30:00,-458.0,20230423
APTY,sampen,2023-04-23 22:08:00,2023-04-23 20:00:00,-128.0,20230423
APTY,permutation_entropy,2023-04-23 22:08:00,,,20230423
APTY,shannon_entropy,2023-04-23 22:08:00,2023-04-23 19:30:00,-158.0,20230423
APTY,spectral_entropy,2023-04-23 22:08:00,2023-04-23 15:50:00,-378.0,20230423
APTY,app_entropy,2023-04-23 22:08:00,2023-04-23 20:00:00,-128.0,20230423
APTY,hurst,2023-04-23 22:08:00,,,20230423
APTY,dfa,2023-04-23 22:08:00,,,20230423
APTY,mfhurst_b,2023-04-23 22:08:00,,,20230423
APTY,higuchi_fd,2023-04-23 22:08:00,2023-04-23 19:50:00,-138.0,20230423
APTY,katz_fd,2023-04-23 22:08:00,2023-04-23 16:50:00,-318.0,20230423
APTY,petrosian_fd,2023-04-23 22:08:00,2023-04-23 16:55:00,-313.0,20230423
APTY,lepel_ziv,2023-04-23 22:08:00,2023-04-23 16:15:00,-353.0,20230423
APTY,corr_dim,2023-04-23 22:08:00,2023-04-23 20:15:00,-113.0,20230423
OULU,entropy,2023-04-23 22:38:00,2023-04-23 15:00:00,-458.0,20230423
OULU,sampen,2023-04-23 22:38:00,2023-04-23 19:15:00,-203.0,20230423
OULU,permutation_entropy,2023-04-23 22:38:00,,,20230423
OULU,shannon_entropy,2023-04-23 22:38:00,2023-04-23 17:45:00,-293.0,20230423
OULU,spectral_entropy,2023-04-23 22:38:00,2023-04-23 20:05:00,-153.0,20230423
OULU,app_entropy,2023-04-23 22:38:00,2023-04-23 20:00:00,-158.0,20230423
OULU,hurst,2023-04-23 22:38:00,,,20230423
OULU,dfa,2023-04-23 22:38:00,,,20230423
OULU,mfhurst_b,2023-04-23 22:38:00,,,20230423
OULU,higuchi_fd,2023-04-23 22:38:00,2023-04-23 18:10:00,-268.0,20230423
OULU,katz_fd,2023-04-23 22:38:00,2023-04-23 20:00:00,-158.0,20230423
OULU,petrosian_fd,2023-04-23 22:38:00,2023-04-23 20:55:00,-103.0,20230423
OULU,lepel_ziv,2023-04-23 22:38:00,2023-04-23 18:55:00,-223.0,20230423
OULU,corr_dim,2023-04-23 22:38:00,2023-04-23 16:35:00,-363.0,20230423
CALG,entropy,2023-04-24 01:22:00,2023-04-23 19:05:00,-377.0,20230423
CALG,sampen,2023-04-24 01:22:00,2023-04-23 19:20:00,-362.0,20230423
CALG,permutation_entropy,2023-04-24 01:22:00,,,20230423
CALG,shannon_entropy,2023-04-24 01:22:00,2023-04-23 18:40:00,-402.0,20230423
CALG,spectral_entropy,2023-04-24 01:22:00,,,20230423
CALG,app_entropy,2023-04-24 01:22:00,2023-04-23 19:15:00,-367.0,20230423
CALG,hurst,2023-04-24 01:22:00,2023-04-23 22:40:00,-162.0,20230423
CALG,dfa,2023-04-24 01:22:00,,,20230423
CALG,mfhurst_b,2023-04-24 01:22:00,,,20230423
CALG,higuchi_fd,2023-04-24 01:22:00,2023-04-23 23:15:00,-127.0,20230423
CALG,katz_fd,2023-04-24 01:22:00,2023-04-23 22:40:00,-162.0,20230423
CALG,petrosian_fd,2023-04-24 01:22:00,2023-04-23 17:45:00,-457.0,20230423
CALG,lepel_ziv,2023-04-24 01:22:00,,,20230423
CALG,corr_dim,2023-04-24 01:22:00,2023-04-23 19:15:00,-367.0,20230423
DOMC,entropy,2023-04-23 18:01:00,2023-04-23 10:25:00,-456.0,20230423
DOMC,sampen,2023-04-23 18:01:00,2023-04-23 11:55:00,-366.0,20230423
DOMC,permutation_entropy,2023-04-23 18:01:00,2023-04-23 15:00:00,-181.0,20230423
DOMC,shannon_entropy,2023-04-23 18:01:00,2023-04-23 11:45:00,-376.0,20230423
DOMC,spectral_entropy,2023-04-23 18:01:00,2023-04-23 11:25:00,-396.0,20230423
DOMC,app_entropy,2023-04-23 18:01:00,2023-04-23 12:00:00,-361.0,20230423
DOMC,hurst,2023-04-23 18:01:00,,,20230423
DOMC,dfa,2023-04-23 18:01:00,,,20230423
DOMC,mfhurst_b,2023-04-23 18:01:00,,,20230423
DOMC,higuchi_fd,2023-04-23 18:01:00,2023-04-23 14:25:00,-216.0,20230423
DOMC,katz_fd,2023-04-23 18:01:00,,,20230423
DOMC,petrosian_fd,2023-04-23 18:01:00,2023-04-23 13:20:00,-281.0,20230423
DOMC,lepel_ziv,2023-04-23 18:01:00,,,20230423
DOMC,corr_dim,2023-04-23 18:01:00,2023-04-23 14:10:00,-231.0,20230423
YKTK,entropy,2023-04-23 21:38:00,2023-04-23 14:00:00,-458.0,20230423
YKTK,sampen,2023-04-23 21:38:00,2023-04-23 17:05:00,-273.0,20230423
YKTK,permutation_entropy,2023-04-23 21:38:00,,,20230423
YKTK,shannon_entropy,2023-04-23 21:38:00,2023-04-23 14:00:00,-458.0,20230423
YKTK,spectral_entropy,2023-04-23 21:38:00,2023-04-23 14:00:00,-458.0,20230423
YKTK,app_entropy,2023-04-23 21:38:00,2023-04-23 19:20:00,-138.0,20230423
YKTK,hurst,2023-04-23 21:38:00,2023-04-23 20:55:00,-43.0,20230423
YKTK,dfa,2023-04-23 21:38:00,,,20230423
YKTK,mfhurst_b,2023-04-23 21:38:00,,,20230423
YKTK,higuchi_fd,2023-04-23 21:38:00,,,20230423
YKTK,katz_fd,2023-04-23 21:38:00,2023-04-23 14:40:00,-418.0,20230423
YKTK,petrosian_fd,2023-04-23 21:38:00,2023-04-23 17:15:00,-263.0,20230423
YKTK,lepel_ziv,2023-04-23 21:38:00,2023-04-23 14:15:00,-443.0,20230423
YKTK,corr_dim,2023-04-23 21:38:00,2023-04-23 19:15:00,-143.0,20230423
KERG,entropy,2023-04-23 22:06:00,2023-04-23 14:30:00,-456.0,20230423
KERG,sampen,2023-04-23 22:06:00,2023-04-23 17:30:00,-276.0,20230423
KERG,permutation_entropy,2023-04-23 22:06:00,2023-04-23 19:40:00,-146.0,20230423
KERG,shannon_entropy,2023-04-23 22:06:00,2023-04-23 18:55:00,-191.0,20230423
KERG,spectral_entropy,2023-04-23 22:06:00,2023-04-23 17:10:00,-296.0,20230423
KERG,app_entropy,2023-04-23 22:06:00,2023-04-23 18:45:00,-201.0,20230423
KERG,hurst,2023-04-23 22:06:00,2023-04-23 18:20:00,-226.0,20230423
KERG,dfa,2023-04-23 22:06:00,,,20230423
KERG,mfhurst_b,2023-04-23 22:06:00,,,20230423
KERG,higuchi_fd,2023-04-23 22:06:00,2023-04-23 16:40:00,-326.0,20230423
KERG,katz_fd,2023-04-23 22:06:00,2023-04-23 17:40:00,-266.0,20230423
KERG,petrosian_fd,2023-04-23 22:06:00,2023-04-23 21:35:00,-31.0,20230423
KERG,lepel_ziv,2023-04-23 22:06:00,2023-04-23 21:05:00,-61.0,20230423
KERG,corr_dim,2023-04-23 22:06:00,2023-04-23 19:05:00,-181.0,20230423
NEWK,entropy,2023-04-24 02:41:00,2023-04-23 19:05:00,-456.0,20230423
NEWK,sampen,2023-04-24 02:41:00,2023-04-23 19:05:00,-456.0,20230423
NEWK,permutation_entropy,2023-04-24 02:41:00,2023-04-23 22:10:00,-271.0,20230423
NEWK,shannon_entropy,2023-04-24 02:41:00,2023-04-23 19:05:00,-456.0,20230423
NEWK,spectral_entropy,2023-04-24 02:41:00,2023-04-23 19:05:00,-456.0,20230423
NEWK,app_entropy,2023-04-24 02:41:00,2023-04-23 19:05:00,-456.0,20230423
NEWK,hurst,2023-04-24 02:41:00,2023-04-23 22:20:00,-261.0,20230423
NEWK,dfa,2023-04-24 02:41:00,,,20230423
NEWK,mfhurst_b,2023-04-24 02:41:00,,,20230423
NEWK,higuchi_fd,2023-04-24 02:41:00,2023-04-23 20:20:00,-381.0,20230423
NEWK,katz_fd,2023-04-24 02:41:00,2023-04-23 20:25:00,-376.0,20230423
NEWK,petrosian_fd,2023-04-24 02:41:00,2023-04-23 23:40:00,-181.0,20230423
NEWK,lepel_ziv,2023-04-24 02:41:00,2023-04-23 21:50:00,-291.0,20230423
NEWK,corr_dim,2023-04-24 02:41:00,2023-04-23 20:20:00,-381.0,20230423
MXCO,entropy,2023-04-24 03:00:00,2023-04-23 22:45:00,-255.0,20230423
MXCO,sampen,2023-04-24 03:00:00,2023-04-23 19:25:00,-455.0,20230423
MXCO,permutation_entropy,2023-04-24 03:00:00,2023-04-23 21:05:00,-355.0,20230423
MXCO,shannon_entropy,2023-04-24 03:00:00,2023-04-23 23:40:00,-200.0,20230423
MXCO,spectral_entropy,2023-04-24 03:00:00,2023-04-24 00:05:00,-175.0,20230423
MXCO,app_entropy,2023-04-24 03:00:00,2023-04-24 00:15:00,-165.0,20230423
MXCO,hurst,2023-04-24 03:00:00,2023-04-24 01:25:00,-95.0,20230423
MXCO,dfa,2023-04-24 03:00:00,,,20230423
MXCO,mfhurst_b,2023-04-24 03:00:00,,,20230423
MXCO,higuchi_fd,2023-04-24 03:00:00,,,20230423
MXCO,katz_fd,2023-04-24 03:00:00,2023-04-24 02:40:00,-20.0,20230423
MXCO,petrosian_fd,2023-04-24 03:00:00,2023-04-23 22:15:00,-285.0,20230423
MXCO,lepel_ziv,2023-04-24 03:00:00,2023-04-23 21:40:00,-320.0,20230423
MXCO,corr_dim,2023-04-24 03:00:00,2023-04-23 22:50:00,-250.0,20230423
NANM,entropy,2023-04-23 00:38:00,,,20230423
NANM,sampen,2023-04-23 00:38:00,,,20230423
NANM,permutation_entropy,2023-04-23 00:38:00,,,20230423
NANM,shannon_entropy,2023-04-23 00:38:00,,,20230423
NANM,spectral_entropy,2023-04-23 00:38:00,,,20230423
NANM,app_entropy,2023-04-23 00:38:00,,,20230423
NANM,hurst,2023-04-23 00:38:00,,,20230423
NANM,dfa,2023-04-23 00:38:00,,,20230423
NANM,mfhurst_b,2023-04-23 00:38:00,,,20230423
NANM,higuchi_fd,2023-04-23 00:38:00,,,20230423
NANM,katz_fd,2023-04-23 00:38:00,,,20230423
NANM,petrosian_fd,2023-04-23 00:38:00,,,20230423
NANM,lepel_ziv,2023-04-23 00:38:00,,,20230423
NANM,corr_dim,2023-04-23 00:38:00,,,20230423
KIEL2,entropy,2023-04-23 23:15:00,2023-04-23 15:35:00,-460.0,20230423
KIEL2,sampen,2023-04-23 23:15:00,2023-04-23 19:30:00,-225.0,20230423
KIEL2,permutation_entropy,2023-04-23 23:15:00,2023-04-23 19:50:00,-205.0,20230423
KIEL2,shannon_entropy,2023-04-23 23:15:00,2023-04-23 15:50:00,-445.0,20230423
KIEL2,spectral_entropy,2023-04-23 23:15:00,2023-04-23 15:50:00,-445.0,20230423
KIEL2,app_entropy,2023-04-23 23:15:00,2023-04-23 19:30:00,-225.0,20230423
KIEL2,hurst,2023-04-23 23:15:00,,,20230423
KIEL2,dfa,2023-04-23 23:15:00,,,20230423
KIEL2,mfhurst_b,2023-04-23 23:15:00,,,20230423
KIEL2,higuchi_fd,2023-04-23 23:15:00,2023-04-23 20:20:00,-175.0,20230423
KIEL2,katz_fd,2023-04-23 23:15:00,2023-04-23 18:05:00,-310.0,20230423
KIEL2,petrosian_fd,2023-04-23 23:15:00,2023-04-23 19:00:00,-255.0,20230423
KIEL2,lepel_ziv,2023-04-23 23:15:00,2023-04-23 15:35:00,-460.0,20230423
KIEL2,corr_dim,2023-04-23 23:15:00,2023-04-23 19:40:00,-215.0,20230423
BKSN,entropy,2023-04-24 13:39:00,2023-04-24 07:30:00,-369.0,20230423
BKSN,sampen,2023-04-24 13:39:00,2023-04-24 06:40:00,-419.0,20230423
BKSN,permutation_entropy,2023-04-24 13:39:00,2023-04-24 11:45:00,-114.0,20230423
BKSN,shannon_entropy,2023-04-24 13:39:00,2023-04-24 07:25:00,-374.0,20230423
BKSN,spectral_entropy,2023-04-24 13:39:00,2023-04-24 08:50:00,-289.0,20230423
BKSN,app_entropy,2023-04-24 13:39:00,2023-04-24 07:20:00,-379.0,20230423
BKSN,hurst,2023-04-24 13:39:00,,,20230423
BKSN,dfa,2023-04-24 13:39:00,,,20230423
BKSN,mfhurst_b,2023-04-24 13:39:00,,,20230423
BKSN,higuchi_fd,2023-04-24 13:39:00,2023-04-24 07:20:00,-379.0,20230423
BKSN,katz_fd,2023-04-24 13:39:00,2023-04-24 06:45:00,-414.0,20230423
BKSN,petrosian_fd,2023-04-24 13:39:00,2023-04-24 11:40:00,-119.0,20230423
BKSN,lepel_ziv,2023-04-24 13:39:00,2023-04-24 06:25:00,-434.0,20230423
BKSN,corr_dim,2023-04-24 13:39:00,2023-04-24 07:35:00,-364.0,20230423
TERA,entropy,2023-04-23 17:59:00,2023-04-23 10:20:00,-459.0,20230423
TERA,sampen,2023-04-23 17:59:00,2023-04-23 16:15:00,-104.0,20230423
TERA,permutation_entropy,2023-04-23 17:59:00,,,20230423
TERA,shannon_entropy,2023-04-23 17:59:00,2023-04-23 10:55:00,-424.0,20230423
TERA,spectral_entropy,2023-04-23 17:59:00,2023-04-23 10:55:00,-424.0,20230423
TERA,app_entropy,2023-04-23 17:59:00,2023-04-23 14:00:00,-239.0,20230423
TERA,hurst,2023-04-23 17:59:00,,,20230423
TERA,dfa,2023-04-23 17:59:00,,,20230423
TERA,mfhurst_b,2023-04-23 17:59:00,,,20230423
TERA,higuchi_fd,2023-04-23 17:59:00,2023-04-23 11:10:00,-409.0,20230423
TERA,katz_fd,2023-04-23 17:59:00,,,20230423
TERA,petrosian_fd,2023-04-23 17:59:00,,,20230423
TERA,lepel_ziv,2023-04-23 17:59:00,2023-04-23 12:50:00,-309.0,20230423
TERA,corr_dim,2023-04-23 17:59:00,2023-04-23 11:10:00,-409.0,20230423
LMKS,entropy,2023-04-23 00:38:00,,,20230423
LMKS,sampen,2023-04-23 00:38:00,,,20230423
LMKS,permutation_entropy,2023-04-23 00:38:00,,,20230423
LMKS,shannon_entropy,2023-04-23 00:38:00,,,20230423
LMKS,spectral_entropy,2023-04-23 00:38:00,,,20230423
LMKS,app_entropy,2023-04-23 00:38:00,,,20230423
LMKS,hurst,2023-04-23 00:38:00,,,20230423
LMKS,dfa,2023-04-23 00:38:00,,,20230423
LMKS,mfhurst_b,2023-04-23 00:38:00,,,20230423
LMKS,higuchi_fd,2023-04-23 00:38:00,,,20230423
LMKS,katz_fd,2023-04-23 00:38:00,,,20230423
LMKS,petrosian_fd,2023-04-23 00:38:00,,,20230423
LMKS,lepel_ziv,2023-04-23 00:38:00,,,20230423
LMKS,corr_dim,2023-04-23 00:38:00,,,20230423
IRK2,entropy,2023-04-23 23:45:00,2023-04-23 16:05:00,-460.0,20230423
IRK2,sampen,2023-04-23 23:45:00,2023-04-23 20:40:00,-185.0,20230423
IRK2,permutation_entropy,2023-04-23 23:45:00,2023-04-23 19:30:00,-255.0,20230423
IRK2,shannon_entropy,2023-04-23 23:45:00,2023-04-23 21:15:00,-150.0,20230423
IRK2,spectral_entropy,2023-04-23 23:45:00,2023-04-23 21:05:00,-160.0,20230423
IRK2,app_entropy,2023-04-23 23:45:00,2023-04-23 19:05:00,-280.0,20230423
IRK2,hurst,2023-04-23 23:45:00,,,20230423
IRK2,dfa,2023-04-23 23:45:00,,,20230423
IRK2,mfhurst_b,2023-04-23 23:45:00,,,20230423
IRK2,higuchi_fd,2023-04-23 23:45:00,2023-04-23 18:40:00,-305.0,20230423
IRK2,katz_fd,2023-04-23 23:45:00,2023-04-23 16:40:00,-425.0,20230423
IRK2,petrosian_fd,2023-04-23 23:45:00,2023-04-23 22:15:00,-90.0,20230423
IRK2,lepel_ziv,2023-04-23 23:45:00,2023-04-23 21:40:00,-125.0,20230423
IRK2,corr_dim,2023-04-23 23:45:00,2023-04-23 18:55:00,-290.0,20230423
IRKT,entropy,2023-04-23 23:47:00,2023-04-23 16:10:00,-457.0,20230423
IRKT,sampen,2023-04-23 23:47:00,,,20230423
IRKT,permutation_entropy,2023-04-23 23:47:00,,,20230423
IRKT,shannon_entropy,2023-04-23 23:47:00,2023-04-23 18:35:00,-312.0,20230423
IRKT,spectral_entropy,2023-04-23 23:47:00,2023-04-23 18:00:00,-347.0,20230423
IRKT,app_entropy,2023-04-23 23:47:00,,,20230423
IRKT,hurst,2023-04-23 23:47:00,,,20230423
IRKT,dfa,2023-04-23 23:47:00,,,20230423
IRKT,mfhurst_b,2023-04-23 23:47:00,,,20230423
IRKT,higuchi_fd,2023-04-23 23:47:00,2023-04-23 16:45:00,-422.0,20230423
IRKT,katz_fd,2023-04-23 23:47:00,2023-04-23 16:45:00,-422.0,20230423
IRKT,petrosian_fd,2023-04-23 23:47:00,,,20230423
IRKT,lepel_ziv,2023-04-23 23:47:00,2023-04-23 18:40:00,-307.0,20230423
IRKT,corr_dim,2023-04-23 23:47:00,,,20230423
JUNG1,entropy,2023-04-24 03:57:00,2023-04-23 23:05:00,-292.0,20230423
JUNG1,sampen,2023-04-24 03:57:00,2023-04-24 01:25:00,-152.0,20230423
JUNG1,permutation_entropy,2023-04-24 03:57:00,2023-04-23 21:55:00,-362.0,20230423
JUNG1,shannon_entropy,2023-04-24 03:57:00,2023-04-23 20:35:00,-442.0,20230423
JUNG1,spectral_entropy,2023-04-24 03:57:00,2023-04-24 01:05:00,-172.0,20230423
JUNG1,app_entropy,2023-04-24 03:57:00,2023-04-24 01:30:00,-147.0,20230423
JUNG1,hurst,2023-04-24 03:57:00,,,20230423
JUNG1,dfa,2023-04-24 03:57:00,,,20230423
JUNG1,mfhurst_b,2023-04-24 03:57:00,,,20230423
JUNG1,higuchi_fd,2023-04-24 03:57:00,2023-04-23 22:45:00,-312.0,20230423
JUNG1,katz_fd,2023-04-24 03:57:00,2023-04-24 02:00:00,-117.0,20230423
JUNG1,petrosian_fd,2023-04-24 03:57:00,2023-04-23 21:50:00,-367.0,20230423
JUNG1,lepel_ziv,2023-04-24 03:57:00,2023-04-23 22:40:00,-317.0,20230423
JUNG1,corr_dim,2023-04-24 03:57:00,2023-04-24 01:25:00,-152.0,20230423
PWNK,entropy,2023-04-24 01:29:00,2023-04-23 21:00:00,-269.0,20230423
PWNK,sampen,2023-04-24 01:29:00,2023-04-23 23:40:00,-109.0,20230423
PWNK,permutation_entropy,2023-04-24 01:29:00,2023-04-23 22:35:00,-174.0,20230423
PWNK,shannon_entropy,2023-04-24 01:29:00,2023-04-23 20:50:00,-279.0,20230423
PWNK,spectral_entropy,2023-04-24 01:29:00,2023-04-23 20:20:00,-309.0,20230423
PWNK,app_entropy,2023-04-24 01:29:00,2023-04-23 23:40:00,-109.0,20230423
PWNK,hurst,2023-04-24 01:29:00,2023-04-23 19:20:00,-369.0,20230423
PWNK,dfa,2023-04-24 01:29:00,,,20230423
PWNK,mfhurst_b,2023-04-24 01:29:00,,,20230423
PWNK,higuchi_fd,2023-04-24 01:29:00,2023-04-23 18:40:00,-409.0,20230423
PWNK,katz_fd,2023-04-24 01:29:00,2023-04-24 00:10:00,-79.0,20230423
PWNK,petrosian_fd,2023-04-24 01:29:00,2023-04-23 18:30:00,-419.0,20230423
PWNK,lepel_ziv,2023-04-24 01:29:00,2023-04-23 19:05:00,-384.0,20230423
PWNK,corr_dim,2023-04-24 01:29:00,2023-04-23 21:25:00,-244.0,20230423
MXCO,entropy,2024-05-10 21:18:00,2024-05-10 13:40:00,-458.0,20240510
MXCO,sampen,2024-05-10 21:18:00,2024-05-10 17:40:00,-218.0,20240510
MXCO,permutation_entropy,2024-05-10 21:18:00,2024-05-10 17:30:00,-228.0,20240510
MXCO,shannon_entropy,2024-05-10 21:18:00,2024-05-10 17:55:00,-203.0,20240510
MXCO,spectral_entropy,2024-05-10 21:18:00,2024-05-10 14:55:00,-383.0,20240510
MXCO,app_entropy,2024-05-10 21:18:00,2024-05-10 20:30:00,-48.0,20240510
MXCO,hurst,2024-05-10 21:18:00,,,20240510
MXCO,dfa,2024-05-10 21:18:00,,,20240510
MXCO,mfhurst_b,2024-05-10 21:18:00,,,20240510
MXCO,higuchi_fd,2024-05-10 21:18:00,2024-05-10 13:40:00,-458.0,20240510
MXCO,katz_fd,2024-05-10 21:18:00,2024-05-10 17:40:00,-218.0,20240510
MXCO,petrosian_fd,2024-05-10 21:18:00,2024-05-10 17:20:00,-238.0,20240510
MXCO,lepel_ziv,2024-05-10 21:18:00,2024-05-10 13:45:00,-453.0,20240510
MXCO,corr_dim,2024-05-10 21:18:00,2024-05-10 17:15:00,-243.0,20240510
DOMB,entropy,2024-05-10 19:28:00,2024-05-10 11:50:00,-458.0,20240510
DOMB,sampen,2024-05-10 19:28:00,2024-05-10 18:00:00,-88.0,20240510
DOMB,permutation_entropy,2024-05-10 19:28:00,2024-05-10 13:55:00,-333.0,20240510
DOMB,shannon_entropy,2024-05-10 19:28:00,2024-05-10 15:40:00,-228.0,20240510
DOMB,spectral_entropy,2024-05-10 19:28:00,2024-05-10 16:55:00,-153.0,20240510
DOMB,app_entropy,2024-05-10 19:28:00,2024-05-10 18:00:00,-88.0,20240510
DOMB,hurst,2024-05-10 19:28:00,,,20240510
DOMB,dfa,2024-05-10 19:28:00,,,20240510
DOMB,mfhurst_b,2024-05-10 19:28:00,,,20240510
DOMB,higuchi_fd,2024-05-10 19:28:00,2024-05-10 13:10:00,-378.0,20240510
DOMB,katz_fd,2024-05-10 19:28:00,,,20240510
DOMB,petrosian_fd,2024-05-10 19:28:00,2024-05-10 14:00:00,-328.0,20240510
DOMB,lepel_ziv,2024-05-10 19:28:00,,,20240510
DOMB,corr_dim,2024-05-10 19:28:00,2024-05-10 19:00:00,-28.0,20240510
SOPO,entropy,2024-05-10 18:29:00,2024-05-10 10:50:00,-459.0,20240510
SOPO,sampen,2024-05-10 18:29:00,2024-05-10 17:20:00,-69.0,20240510
SOPO,permutation_entropy,2024-05-10 18:29:00,,,20240510
SOPO,shannon_entropy,2024-05-10 18:29:00,2024-05-10 17:05:00,-84.0,20240510
SOPO,spectral_entropy,2024-05-10 18:29:00,2024-05-10 17:10:00,-79.0,20240510
SOPO,app_entropy,2024-05-10 18:29:00,2024-05-10 18:25:00,-4.0,20240510
SOPO,hurst,2024-05-10 18:29:00,2024-05-10 12:40:00,-349.0,20240510
SOPO,dfa,2024-05-10 18:29:00,,,20240510
SOPO,mfhurst_b,2024-05-10 18:29:00,,,20240510
SOPO,higuchi_fd,2024-05-10 18:29:00,2024-05-10 11:50:00,-399.0,20240510
SOPO,katz_fd,2024-05-10 18:29:00,2024-05-10 11:30:00,-419.0,20240510
SOPO,petrosian_fd,2024-05-10 18:29:00,2024-05-10 11:25:00,-424.0,20240510
SOPO,lepel_ziv,2024-05-10 18:29:00,2024-05-10 14:20:00,-249.0,20240510
SOPO,corr_dim,2024-05-10 18:29:00,2024-05-10 10:50:00,-459.0,20240510
SOPB,entropy,2024-05-10 18:32:00,2024-05-10 10:55:00,-457.0,20240510
SOPB,sampen,2024-05-10 18:32:00,2024-05-10 11:45:00,-407.0,20240510
SOPB,permutation_entropy,2024-05-10 18:32:00,2024-05-10 14:35:00,-237.0,20240510
SOPB,shannon_entropy,2024-05-10 18:32:00,2024-05-10 14:35:00,-237.0,20240510
SOPB,spectral_entropy,2024-05-10 18:32:00,2024-05-10 11:35:00,-417.0,20240510
SOPB,app_entropy,2024-05-10 18:32:00,2024-05-10 15:15:00,-197.0,20240510
SOPB,hurst,2024-05-10 18:32:00,,,20240510
SOPB,dfa,2024-05-10 18:32:00,,,20240510
SOPB,mfhurst_b,2024-05-10 18:32:00,,,20240510
SOPB,higuchi_fd,2024-05-10 18:32:00,2024-05-10 18:25:00,-7.0,20240510
SOPB,katz_fd,2024-05-10 18:32:00,2024-05-10 17:20:00,-72.0,20240510
SOPB,petrosian_fd,2024-05-10 18:32:00,2024-05-10 18:25:00,-7.0,20240510
SOPB,lepel_ziv,2024-05-10 18:32:00,2024-05-10 15:05:00,-207.0,20240510
SOPB,corr_dim,2024-05-10 18:32:00,2024-05-10 15:35:00,-177.0,20240510
MWSN,entropy,2024-05-10 18:54:00,2024-05-10 11:15:00,-459.0,20240510
MWSN,sampen,2024-05-10 18:54:00,2024-05-10 13:15:00,-339.0,20240510
MWSN,permutation_entropy,2024-05-10 18:54:00,2024-05-10 11:50:00,-424.0,20240510
MWSN,shannon_entropy,2024-05-10 18:54:00,2024-05-10 17:10:00,-104.0,20240510
MWSN,spectral_entropy,2024-05-10 18:54:00,2024-05-10 11:45:00,-429.0,20240510
MWSN,app_entropy,2024-05-10 18:54:00,2024-05-10 13:50:00,-304.0,20240510
MWSN,hurst,2024-05-10 18:54:00,2024-05-10 14:50:00,-244.0,20240510
MWSN,dfa,2024-05-10 18:54:00,,,20240510
MWSN,mfhurst_b,2024-05-10 18:54:00,,,20240510
MWSN,higuchi_fd,2024-05-10 18:54:00,2024-05-10 13:00:00,-354.0,20240510
MWSN,katz_fd,2024-05-10 18:54:00,2024-05-10 13:25:00,-329.0,20240510
MWSN,petrosian_fd,2024-05-10 18:54:00,2024-05-10 14:35:00,-259.0,20240510
MWSN,lepel_ziv,2024-05-10 18:54:00,2024-05-10 12:20:00,-394.0,20240510
MWSN,corr_dim,2024-05-10 18:54:00,2024-05-10 14:00:00,-294.0,20240510
MWSB,entropy,2024-05-10 18:40:00,2024-05-10 11:00:00,-460.0,20240510
MWSB,sampen,2024-05-10 18:40:00,2024-05-10 15:15:00,-205.0,20240510
MWSB,permutation_entropy,2024-05-10 18:40:00,2024-05-10 18:35:00,-5.0,20240510
MWSB,shannon_entropy,2024-05-10 18:40:00,,,20240510
MWSB,spectral_entropy,2024-05-10 18:40:00,,,20240510
MWSB,app_entropy,2024-05-10 18:40:00,2024-05-10 18:30:00,-10.0,20240510
MWSB,hurst,2024-05-10 18:40:00,2024-05-10 12:00:00,-400.0,20240510
MWSB,dfa,2024-05-10 18:40:00,,,20240510
MWSB,mfhurst_b,2024-05-10 18:40:00,,,20240510
MWSB,higuchi_fd,2024-05-10 18:40:00,2024-05-10 15:20:00,-200.0,20240510
MWSB,katz_fd,2024-05-10 18:40:00,2024-05-10 18:30:00,-10.0,20240510
MWSB,petrosian_fd,2024-05-10 18:40:00,2024-05-10 15:20:00,-200.0,20240510
MWSB,lepel_ziv,2024-05-10 18:40:00,2024-05-10 11:00:00,-460.0,20240510
MWSB,corr_dim,2024-05-10 18:40:00,2024-05-10 13:05:00,-335.0,20240510
THUL,entropy,2024-05-10 20:12:00,2024-05-10 12:35:00,-457.0,20240510
THUL,sampen,2024-05-10 20:12:00,2024-05-10 13:55:00,-377.0,20240510
THUL,permutation_entropy,2024-05-10 20:12:00,2024-05-10 19:30:00,-42.0,20240510
THUL,shannon_entropy,2024-05-10 20:12:00,2024-05-10 15:15:00,-297.0,20240510
THUL,spectral_entropy,2024-05-10 20:12:00,2024-05-10 15:45:00,-267.0,20240510
THUL,app_entropy,2024-05-10 20:12:00,2024-05-10 13:45:00,-387.0,20240510
THUL,hurst,2024-05-10 20:12:00,,,20240510
THUL,dfa,2024-05-10 20:12:00,,,20240510
THUL,mfhurst_b,2024-05-10 20:12:00,,,20240510
THUL,higuchi_fd,2024-05-10 20:12:00,2024-05-10 15:40:00,-272.0,20240510
THUL,katz_fd,2024-05-10 20:12:00,2024-05-10 19:30:00,-42.0,20240510
THUL,petrosian_fd,2024-05-10 20:12:00,,,20240510
THUL,lepel_ziv,2024-05-10 20:12:00,2024-05-10 12:55:00,-437.0,20240510
THUL,corr_dim,2024-05-10 20:12:00,2024-05-10 15:15:00,-297.0,20240510
PWNK,entropy,2024-05-10 20:12:00,2024-05-10 12:35:00,-457.0,20240510
PWNK,sampen,2024-05-10 20:12:00,2024-05-10 17:20:00,-172.0,20240510
PWNK,permutation_entropy,2024-05-10 20:12:00,2024-05-10 19:55:00,-17.0,20240510
PWNK,shannon_entropy,2024-05-10 20:12:00,2024-05-10 15:55:00,-257.0,20240510
PWNK,spectral_entropy,2024-05-10 20:12:00,2024-05-10 13:00:00,-432.0,20240510
PWNK,app_entropy,2024-05-10 20:12:00,2024-05-10 19:30:00,-42.0,20240510
PWNK,hurst,2024-05-10 20:12:00,2024-05-10 16:15:00,-237.0,20240510
PWNK,dfa,2024-05-10 20:12:00,,,20240510
PWNK,mfhurst_b,2024-05-10 20:12:00,,,20240510
PWNK,higuchi_fd,2024-05-10 20:12:00,2024-05-10 15:00:00,-312.0,20240510
PWNK,katz_fd,2024-05-10 20:12:00,2024-05-10 17:30:00,-162.0,20240510
PWNK,petrosian_fd,2024-05-10 20:12:00,,,20240510
PWNK,lepel_ziv,2024-05-10 20:12:00,2024-05-10 13:00:00,-432.0,20240510
PWNK,corr_dim,2024-05-10 20:12:00,2024-05-10 19:25:00,-47.0,20240510
NAIN,entropy,2024-05-10 20:10:00,2024-05-10 12:30:00,-460.0,20240510
NAIN,sampen,2024-05-10 20:10:00,2024-05-10 15:30:00,-280.0,20240510
NAIN,permutation_entropy,2024-05-10 20:10:00,2024-05-10 18:40:00,-90.0,20240510
NAIN,shannon_entropy,2024-05-10 20:10:00,2024-05-10 13:30:00,-400.0,20240510
NAIN,spectral_entropy,2024-05-10 20:10:00,2024-05-10 13:05:00,-425.0,20240510
NAIN,app_entropy,2024-05-10 20:10:00,2024-05-10 15:45:00,-265.0,20240510
NAIN,hurst,2024-05-10 20:10:00,,,20240510
NAIN,dfa,2024-05-10 20:10:00,,,20240510
NAIN,mfhurst_b,2024-05-10 20:10:00,,,20240510
NAIN,higuchi_fd,2024-05-10 20:10:00,2024-05-10 16:25:00,-225.0,20240510
NAIN,katz_fd,2024-05-10 20:10:00,2024-05-10 15:45:00,-265.0,20240510
NAIN,petrosian_fd,2024-05-10 20:10:00,2024-05-10 15:30:00,-280.0,20240510
NAIN,lepel_ziv,2024-05-10 20:10:00,2024-05-10 16:05:00,-245.0,20240510
NAIN,corr_dim,2024-05-10 20:10:00,2024-05-10 14:25:00,-345.0,20240510
TXBY,entropy,2024-05-10 21:01:00,2024-05-10 13:25:00,-456.0,20240510
TXBY,sampen,2024-05-10 21:01:00,2024-05-10 20:05:00,-56.0,20240510
TXBY,permutation_entropy,2024-05-10 21:01:00,2024-05-10 17:20:00,-221.0,20240510
TXBY,shannon_entropy,2024-05-10 21:01:00,2024-05-10 16:40:00,-261.0,20240510
TXBY,spectral_entropy,2024-05-10 21:01:00,2024-05-10 14:00:00,-421.0,20240510
TXBY,app_entropy,2024-05-10 21:01:00,2024-05-10 19:50:00,-71.0,20240510
TXBY,hurst,2024-05-10 21:01:00,,,20240510
TXBY,dfa,2024-05-10 21:01:00,,,20240510
TXBY,mfhurst_b,2024-05-10 21:01:00,,,20240510
TXBY,higuchi_fd,2024-05-10 21:01:00,2024-05-10 17:00:00,-241.0,20240510
TXBY,katz_fd,2024-05-10 21:01:00,,,20240510
TXBY,petrosian_fd,2024-05-10 21:01:00,2024-05-10 15:20:00,-341.0,20240510
TXBY,lepel_ziv,2024-05-10 21:01:00,2024-05-10 15:00:00,-361.0,20240510
TXBY,corr_dim,2024-05-10 21:01:00,2024-05-10 17:05:00,-236.0,20240510
APTY,entropy,2024-05-10 00:38:00,,,20240510
APTY,sampen,2024-05-10 00:38:00,,,20240510
APTY,permutation_entropy,2024-05-10 00:38:00,,,20240510
APTY,shannon_entropy,2024-05-10 00:38:00,,,20240510
APTY,spectral_entropy,2024-05-10 00:38:00,,,20240510
APTY,app_entropy,2024-05-10 00:38:00,,,20240510
APTY,hurst,2024-05-10 00:38:00,,,20240510
APTY,dfa,2024-05-10 00:38:00,,,20240510
APTY,mfhurst_b,2024-05-10 00:38:00,,,20240510
APTY,higuchi_fd,2024-05-10 00:38:00,,,20240510
APTY,katz_fd,2024-05-10 00:38:00,,,20240510
APTY,petrosian_fd,2024-05-10 00:38:00,,,20240510
APTY,lepel_ziv,2024-05-10 00:38:00,,,20240510
APTY,corr_dim,2024-05-10 00:38:00,,,20240510
OULU,entropy,2024-05-10 19:35:00,2024-05-10 11:55:00,-460.0,20240510
OULU,sampen,2024-05-10 19:35:00,2024-05-10 18:05:00,-90.0,20240510
OULU,permutation_entropy,2024-05-10 19:35:00,2024-05-10 19:05:00,-30.0,20240510
OULU,shannon_entropy,2024-05-10 19:35:00,2024-05-10 15:20:00,-255.0,20240510
OULU,spectral_entropy,2024-05-10 19:35:00,2024-05-10 15:20:00,-255.0,20240510
OULU,app_entropy,2024-05-10 19:35:00,2024-05-10 16:45:00,-170.0,20240510
OULU,hurst,2024-05-10 19:35:00,2024-05-10 17:50:00,-105.0,20240510
OULU,dfa,2024-05-10 19:35:00,,,20240510
OULU,mfhurst_b,2024-05-10 19:35:00,,,20240510
OULU,higuchi_fd,2024-05-10 19:35:00,2024-05-10 18:05:00,-90.0,20240510
OULU,katz_fd,2024-05-10 19:35:00,2024-05-10 18:10:00,-85.0,20240510
OULU,petrosian_fd,2024-05-10 19:35:00,,,20240510
OULU,lepel_ziv,2024-05-10 19:35:00,,,20240510
OULU,corr_dim,2024-05-10 19:35:00,2024-05-10 15:30:00,-245.0,20240510
DOMC,entropy,2024-05-10 18:45:00,2024-05-10 11:05:00,-460.0,20240510
DOMC,sampen,2024-05-10 18:45:00,,,20240510
DOMC,permutation_entropy,2024-05-10 18:45:00,2024-05-10 17:55:00,-50.0,20240510
DOMC,shannon_entropy,2024-05-10 18:45:00,2024-05-10 12:05:00,-400.0,20240510
DOMC,spectral_entropy,2024-05-10 18:45:00,2024-05-10 14:20:00,-265.0,20240510
DOMC,app_entropy,2024-05-10 18:45:00,2024-05-10 11:10:00,-455.0,20240510
DOMC,hurst,2024-05-10 18:45:00,,,20240510
DOMC,dfa,2024-05-10 18:45:00,,,20240510
DOMC,mfhurst_b,2024-05-10 18:45:00,,,20240510
DOMC,higuchi_fd,2024-05-10 18:45:00,2024-05-10 11:45:00,-420.0,20240510
DOMC,katz_fd,2024-05-10 18:45:00,2024-05-10 11:10:00,-455.0,20240510
DOMC,petrosian_fd,2024-05-10 18:45:00,2024-05-10 16:00:00,-165.0,20240510
DOMC,lepel_ziv,2024-05-10 18:45:00,2024-05-10 14:15:00,-270.0,20240510
DOMC,corr_dim,2024-05-10 18:45:00,,,20240510
KERG,entropy,2024-05-10 19:58:00,2024-05-10 12:20:00,-458.0,20240510
KERG,sampen,2024-05-10 19:58:00,2024-05-10 19:20:00,-38.0,20240510
KERG,permutation_entropy,2024-05-10 19:58:00,2024-05-10 17:00:00,-178.0,20240510
KERG,shannon_entropy,2024-05-10 19:58:00,2024-05-10 16:45:00,-193.0,20240510
KERG,spectral_entropy,2024-05-10 19:58:00,2024-05-10 14:00:00,-358.0,20240510
KERG,app_entropy,2024-05-10 19:58:00,2024-05-10 15:35:00,-263.0,20240510
KERG,hurst,2024-05-10 19:58:00,,,20240510
KERG,dfa,2024-05-10 19:58:00,,,20240510
KERG,mfhurst_b,2024-05-10 19:58:00,,,20240510
KERG,higuchi_fd,2024-05-10 19:58:00,2024-05-10 19:25:00,-33.0,20240510
KERG,katz_fd,2024-05-10 19:58:00,,,20240510
KERG,petrosian_fd,2024-05-10 19:58:00,2024-05-10 17:00:00,-178.0,20240510
KERG,lepel_ziv,2024-05-10 19:58:00,2024-05-10 14:05:00,-353.0,20240510
KERG,corr_dim,2024-05-10 19:58:00,2024-05-10 12:20:00,-458.0,20240510
CALG,entropy,2024-05-10 20:06:00,2024-05-10 12:30:00,-456.0,20240510
CALG,sampen,2024-05-10 20:06:00,2024-05-10 14:05:00,-361.0,20240510
CALG,permutation_entropy,2024-05-10 20:06:00,2024-05-10 17:05:00,-181.0,20240510
CALG,shannon_entropy,2024-05-10 20:06:00,2024-05-10 13:05:00,-421.0,20240510
CALG,spectral_entropy,2024-05-10 20:06:00,2024-05-10 13:55:00,-371.0,20240510
CALG,app_entropy,2024-05-10 20:06:00,2024-05-10 14:10:00,-356.0,20240510
CALG,hurst,2024-05-10 20:06:00,2024-05-10 14:30:00,-336.0,20240510
CALG,dfa,2024-05-10 20:06:00,,,20240510
CALG,mfhurst_b,2024-05-10 20:06:00,,,20240510
CALG,higuchi_fd,2024-05-10 20:06:00,2024-05-10 14:40:00,-326.0,20240510
CALG,katz_fd,2024-05-10 20:06:00,2024-05-10 14:20:00,-346.0,20240510
CALG,petrosian_fd,2024-05-10 20:06:00,2024-05-10 13:15:00,-411.0,20240510
CALG,lepel_ziv,2024-05-10 20:06:00,2024-05-10 16:40:00,-206.0,20240510
CALG,corr_dim,2024-05-10 20:06:00,2024-05-10 17:35:00,-151.0,20240510
KIEL2,entropy,2024-05-10 20:26:00,2024-05-10 12:50:00,-456.0,20240510
KIEL2,sampen,2024-05-10 20:26:00,2024-05-10 13:40:00,-406.0,20240510
KIEL2,permutation_entropy,2024-05-10 20:26:00,2024-05-10 17:10:00,-196.0,20240510
KIEL2,shannon_entropy,2024-05-10 20:26:00,2024-05-10 13:15:00,-431.0,20240510
KIEL2,spectral_entropy,2024-05-10 20:26:00,2024-05-10 17:55:00,-151.0,20240510
KIEL2,app_entropy,2024-05-10 20:26:00,2024-05-10 19:30:00,-56.0,20240510
KIEL2,hurst,2024-05-10 20:26:00,,,20240510
KIEL2,dfa,2024-05-10 20:26:00,,,20240510
KIEL2,mfhurst_b,2024-05-10 20:26:00,,,20240510
KIEL2,higuchi_fd,2024-05-10 20:26:00,2024-05-10 19:40:00,-46.0,20240510
KIEL2,katz_fd,2024-05-10 20:26:00,2024-05-10 13:45:00,-401.0,20240510
KIEL2,petrosian_fd,2024-05-10 20:26:00,2024-05-10 17:10:00,-196.0,20240510
KIEL2,lepel_ziv,2024-05-10 20:26:00,2024-05-10 12:50:00,-456.0,20240510
KIEL2,corr_dim,2024-05-10 20:26:00,2024-05-10 19:35:00,-51.0,20240510
NANM,entropy,2024-05-10 22:42:00,2024-05-10 15:05:00,-457.0,20240510
NANM,sampen,2024-05-10 22:42:00,,,20240510
NANM,permutation_entropy,2024-05-10 22:42:00,2024-05-10 19:20:00,-202.0,20240510
NANM,shannon_entropy,2024-05-10 22:42:00,2024-05-10 17:35:00,-307.0,20240510
NANM,spectral_entropy,2024-05-10 22:42:00,2024-05-10 17:55:00,-287.0,20240510
NANM,app_entropy,2024-05-10 22:42:00,2024-05-10 18:45:00,-237.0,20240510
NANM,hurst,2024-05-10 22:42:00,,,20240510
NANM,dfa,2024-05-10 22:42:00,,,20240510
NANM,mfhurst_b,2024-05-10 22:42:00,,,20240510
NANM,higuchi_fd,2024-05-10 22:42:00,2024-05-10 17:55:00,-287.0,20240510
NANM,katz_fd,2024-05-10 22:42:00,,,20240510
NANM,petrosian_fd,2024-05-10 22:42:00,,,20240510
NANM,lepel_ziv,2024-05-10 22:42:00,2024-05-10 17:15:00,-327.0,20240510
NANM,corr_dim,2024-05-10 22:42:00,2024-05-10 18:55:00,-227.0,20240510
CALM,entropy,2024-05-10 22:47:00,2024-05-10 15:10:00,-457.0,20240510
CALM,sampen,2024-05-10 22:47:00,2024-05-10 19:10:00,-217.0,20240510
CALM,permutation_entropy,2024-05-10 22:47:00,2024-05-10 21:45:00,-62.0,20240510
CALM,shannon_entropy,2024-05-10 22:47:00,2024-05-10 20:55:00,-112.0,20240510
CALM,spectral_entropy,2024-05-10 22:47:00,2024-05-10 16:05:00,-402.0,20240510
CALM,app_entropy,2024-05-10 22:47:00,2024-05-10 19:15:00,-212.0,20240510
CALM,hurst,2024-05-10 22:47:00,,,20240510
CALM,dfa,2024-05-10 22:47:00,,,20240510
CALM,mfhurst_b,2024-05-10 22:47:00,,,20240510
CALM,higuchi_fd,2024-05-10 22:47:00,2024-05-10 20:35:00,-132.0,20240510
CALM,katz_fd,2024-05-10 22:47:00,2024-05-10 16:55:00,-352.0,20240510
CALM,petrosian_fd,2024-05-10 22:47:00,2024-05-10 21:45:00,-62.0,20240510
CALM,lepel_ziv,2024-05-10 22:47:00,2024-05-10 15:10:00,-457.0,20240510
CALM,corr_dim,2024-05-10 22:47:00,2024-05-10 17:50:00,-297.0,20240510
BKSN,entropy,2024-05-10 22:20:00,2024-05-10 14:40:00,-460.0,20240510
BKSN,sampen,2024-05-10 22:20:00,2024-05-10 17:20:00,-300.0,20240510
BKSN,permutation_entropy,2024-05-10 22:20:00,2024-05-10 14:40:00,-460.0,20240510
BKSN,shannon_entropy,2024-05-10 22:20:00,2024-05-10 21:40:00,-40.0,20240510
BKSN,spectral_entropy,2024-05-10 22:20:00,2024-05-10 17:25:00,-295.0,20240510
BKSN,app_entropy,2024-05-10 22:20:00,2024-05-10 18:55:00,-205.0,20240510
BKSN,hurst,2024-05-10 22:20:00,,,20240510
BKSN,dfa,2024-05-10 22:20:00,,,20240510
BKSN,mfhurst_b,2024-05-10 22:20:00,,,20240510
BKSN,higuchi_fd,2024-05-10 22:20:00,2024-05-10 16:10:00,-370.0,20240510
BKSN,katz_fd,2024-05-10 22:20:00,2024-05-10 17:30:00,-290.0,20240510
BKSN,petrosian_fd,2024-05-10 22:20:00,2024-05-10 16:05:00,-375.0,20240510
BKSN,lepel_ziv,2024-05-10 22:20:00,2024-05-10 16:50:00,-330.0,20240510
BKSN,corr_dim,2024-05-10 22:20:00,2024-05-10 20:15:00,-125.0,20240510
JUNG,entropy,2024-05-10 22:35:00,2024-05-10 14:55:00,-460.0,20240510
JUNG,sampen,2024-05-10 22:35:00,2024-05-10 14:55:00,-460.0,20240510
JUNG,permutation_entropy,2024-05-10 22:35:00,2024-05-10 16:50:00,-345.0,20240510
JUNG,shannon_entropy,2024-05-10 22:35:00,2024-05-10 14:55:00,-460.0,20240510
JUNG,spectral_entropy,2024-05-10 22:35:00,,,20240510
JUNG,app_entropy,2024-05-10 22:35:00,2024-05-10 21:25:00,-70.0,20240510
JUNG,hurst,2024-05-10 22:35:00,2024-05-10 15:20:00,-435.0,20240510
JUNG,dfa,2024-05-10 22:35:00,,,20240510
JUNG,mfhurst_b,2024-05-10 22:35:00,,,20240510
JUNG,higuchi_fd,2024-05-10 22:35:00,2024-05-10 16:30:00,-365.0,20240510
JUNG,katz_fd,2024-05-10 22:35:00,2024-05-10 16:30:00,-365.0,20240510
JUNG,petrosian_fd,2024-05-10 22:35:00,2024-05-10 16:50:00,-345.0,20240510
JUNG,lepel_ziv,2024-05-10 22:35:00,,,20240510
JUNG,corr_dim,2024-05-10 22:35:00,,,20240510
JUNG1,entropy,2024-05-10 22:37:00,2024-05-10 15:00:00,-457.0,20240510
JUNG1,sampen,2024-05-10 22:37:00,2024-05-10 15:00:00,-457.0,20240510
JUNG1,permutation_entropy,2024-05-10 22:37:00,2024-05-10 22:25:00,-12.0,20240510
JUNG1,shannon_entropy,2024-05-10 22:37:00,2024-05-10 22:20:00,-17.0,20240510
JUNG1,spectral_entropy,2024-05-10 22:37:00,2024-05-10 15:00:00,-457.0,20240510
JUNG1,app_entropy,2024-05-10 22:37:00,,,20240510
JUNG1,hurst,2024-05-10 22:37:00,2024-05-10 15:10:00,-447.0,20240510
JUNG1,dfa,2024-05-10 22:37:00,,,20240510
JUNG1,mfhurst_b,2024-05-10 22:37:00,,,20240510
JUNG1,higuchi_fd,2024-05-10 22:37:00,2024-05-10 15:00:00,-457.0,20240510
JUNG1,katz_fd,2024-05-10 22:37:00,2024-05-10 15:15:00,-442.0,20240510
JUNG1,petrosian_fd,2024-05-10 22:37:00,2024-05-10 15:00:00,-457.0,20240510
JUNG1,lepel_ziv,2024-05-10 22:37:00,2024-05-10 22:15:00,-22.0,20240510
JUNG1,corr_dim,2024-05-10 22:37:00,2024-05-10 22:20:00,-17.0,20240510
YKTK,entropy,2024-05-10 19:43:00,2024-05-10 12:05:00,-458.0,20240510
YKTK,sampen,2024-05-10 19:43:00,2024-05-10 13:50:00,-353.0,20240510
YKTK,permutation_entropy,2024-05-10 19:43:00,2024-05-10 18:00:00,-103.0,20240510
YKTK,shannon_entropy,2024-05-10 19:43:00,2024-05-10 17:55:00,-108.0,20240510
YKTK,spectral_entropy,2024-05-10 19:43:00,2024-05-10 12:10:00,-453.0,20240510
YKTK,app_entropy,2024-05-10 19:43:00,2024-05-10 16:50:00,-173.0,20240510
YKTK,hurst,2024-05-10 19:43:00,,,20240510
YKTK,dfa,2024-05-10 19:43:00,,,20240510
YKTK,mfhurst_b,2024-05-10 19:43:00,,,20240510
YKTK,higuchi_fd,2024-05-10 19:43:00,2024-05-10 16:30:00,-193.0,20240510
YKTK,katz_fd,2024-05-10 19:43:00,2024-05-10 14:30:00,-313.0,20240510
YKTK,petrosian_fd,2024-05-10 19:43:00,2024-05-10 16:00:00,-223.0,20240510
YKTK,lepel_ziv,2024-05-10 19:43:00,2024-05-10 14:00:00,-343.0,20240510
YKTK,corr_dim,2024-05-10 19:43:00,2024-05-10 16:45:00,-178.0,20240510
LMKS,entropy,2024-05-10 21:40:00,2024-05-10 14:00:00,-460.0,20240510
LMKS,sampen,2024-05-10 21:40:00,2024-05-10 15:00:00,-400.0,20240510
LMKS,permutation_entropy,2024-05-10 21:40:00,2024-05-10 18:40:00,-180.0,20240510
LMKS,shannon_entropy,2024-05-10 21:40:00,2024-05-10 16:40:00,-300.0,20240510
LMKS,spectral_entropy,2024-05-10 21:40:00,2024-05-10 14:55:00,-405.0,20240510
LMKS,app_entropy,2024-05-10 21:40:00,2024-05-10 16:20:00,-320.0,20240510
LMKS,hurst,2024-05-10 21:40:00,2024-05-10 15:10:00,-390.0,20240510
LMKS,dfa,2024-05-10 21:40:00,,,20240510
LMKS,mfhurst_b,2024-05-10 21:40:00,,,20240510
LMKS,higuchi_fd,2024-05-10 21:40:00,2024-05-10 18:30:00,-190.0,20240510
LMKS,katz_fd,2024-05-10 21:40:00,2024-05-10 16:35:00,-305.0,20240510
LMKS,petrosian_fd,2024-05-10 21:40:00,2024-05-10 18:40:00,-180.0,20240510
LMKS,lepel_ziv,2024-05-10 21:40:00,2024-05-10 18:00:00,-220.0,20240510
LMKS,corr_dim,2024-05-10 21:40:00,2024-05-10 15:10:00,-390.0,20240510
NEWK,entropy,2024-05-10 21:00:00,2024-05-10 13:20:00,-460.0,20240510
NEWK,sampen,2024-05-10 21:00:00,2024-05-10 16:25:00,-275.0,20240510
NEWK,permutation_entropy,2024-05-10 21:00:00,2024-05-10 19:15:00,-105.0,20240510
NEWK,shannon_entropy,2024-05-10 21:00:00,2024-05-10 16:10:00,-290.0,20240510
NEWK,spectral_entropy,2024-05-10 21:00:00,2024-05-10 16:15:00,-285.0,20240510
NEWK,app_entropy,2024-05-10 21:00:00,2024-05-10 13:30:00,-450.0,20240510
NEWK,hurst,2024-05-10 21:00:00,,,20240510
NEWK,dfa,2024-05-10 21:00:00,,,20240510
NEWK,mfhurst_b,2024-05-10 21:00:00,,,20240510
NEWK,higuchi_fd,2024-05-10 21:00:00,2024-05-10 15:45:00,-315.0,20240510
NEWK,katz_fd,2024-05-10 21:00:00,2024-05-10 13:40:00,-440.0,20240510
NEWK,petrosian_fd,2024-05-10 21:00:00,2024-05-10 20:30:00,-30.0,20240510
NEWK,lepel_ziv,2024-05-10 21:00:00,2024-05-10 13:20:00,-460.0,20240510
NEWK,corr_dim,2024-05-10 21:00:00,2024-05-10 20:40:00,-20.0,20240510
TERA,entropy,2024-05-10 18:59:00,2024-05-10 11:20:00,-459.0,20240510
TERA,sampen,2024-05-10 18:59:00,2024-05-10 12:15:00,-404.0,20240510
TERA,permutation_entropy,2024-05-10 18:59:00,2024-05-10 15:05:00,-234.0,20240510
TERA,shannon_entropy,2024-05-10 18:59:00,2024-05-10 15:25:00,-214.0,20240510
TERA,spectral_entropy,2024-05-10 18:59:00,2024-05-10 18:05:00,-54.0,20240510
TERA,app_entropy,2024-05-10 18:59:00,2024-05-10 18:55:00,-4.0,20240510
TERA,hurst,2024-05-10 18:59:00,,,20240510
TERA,dfa,2024-05-10 18:59:00,,,20240510
TERA,mfhurst_b,2024-05-10 18:59:00,,,20240510
TERA,higuchi_fd,2024-05-10 18:59:00,,,20240510
TERA,katz_fd,2024-05-10 18:59:00,2024-05-10 18:50:00,-9.0,20240510
TERA,petrosian_fd,2024-05-10 18:59:00,2024-05-10 11:20:00,-459.0,20240510
TERA,lepel_ziv,2024-05-10 18:59:00,,,20240510
TERA,corr_dim,2024-05-10 18:59:00,2024-05-10 12:10:00,-409.0,20240510
IRK3,entropy,2024-05-10 21:39:00,2024-05-10 14:00:00,-459.0,20240510
IRK3,sampen,2024-05-10 21:39:00,2024-05-10 14:30:00,-429.0,20240510
IRK3,permutation_entropy,2024-05-10 21:39:00,2024-05-10 21:15:00,-24.0,20240510
IRK3,shannon_entropy,2024-05-10 21:39:00,2024-05-10 14:45:00,-414.0,20240510
IRK3,spectral_entropy,2024-05-10 21:39:00,2024-05-10 14:45:00,-414.0,20240510
IRK3,app_entropy,2024-05-10 21:39:00,2024-05-10 14:50:00,-409.0,20240510
IRK3,hurst,2024-05-10 21:39:00,,,20240510
IRK3,dfa,2024-05-10 21:39:00,,,20240510
IRK3,mfhurst_b,2024-05-10 21:39:00,,,20240510
IRK3,higuchi_fd,2024-05-10 21:39:00,2024-05-10 18:20:00,-199.0,20240510
IRK3,katz_fd,2024-05-10 21:39:00,2024-05-10 14:35:00,-424.0,20240510
IRK3,petrosian_fd,2024-05-10 21:39:00,2024-05-10 21:25:00,-14.0,20240510
IRK3,lepel_ziv,2024-05-10 21:39:00,2024-05-10 17:45:00,-234.0,20240510
IRK3,corr_dim,2024-05-10 21:39:00,2024-05-10 18:50:00,-169.0,20240510
DRBS,entropy,2024-05-10 21:55:00,2024-05-10 14:15:00,-460.0,20240510
DRBS,sampen,2024-05-10 21:55:00,2024-05-10 14:20:00,-455.0,20240510
DRBS,permutation_entropy,2024-05-10 21:55:00,2024-05-10 17:15:00,-280.0,20240510
DRBS,shannon_entropy,2024-05-10 21:55:00,2024-05-10 15:55:00,-360.0,20240510
DRBS,spectral_entropy,2024-05-10 21:55:00,2024-05-10 14:20:00,-455.0,20240510
DRBS,app_entropy,2024-05-10 21:55:00,2024-05-10 14:15:00,-460.0,20240510
DRBS,hurst,2024-05-10 21:55:00,2024-05-10 16:00:00,-355.0,20240510
DRBS,dfa,2024-05-10 21:55:00,,,20240510
DRBS,mfhurst_b,2024-05-10 21:55:00,,,20240510
DRBS,higuchi_fd,2024-05-10 21:55:00,2024-05-10 14:45:00,-430.0,20240510
DRBS,katz_fd,2024-05-10 21:55:00,,,20240510
DRBS,petrosian_fd,2024-05-10 21:55:00,2024-05-10 15:15:00,-400.0,20240510
DRBS,lepel_ziv,2024-05-10 21:55:00,2024-05-10 14:15:00,-460.0,20240510
DRBS,corr_dim,2024-05-10 21:55:00,,,20240510
INVK,entropy,2024-05-10 20:49:00,2024-05-10 13:10:00,-459.0,20240510
INVK,sampen,2024-05-10 20:49:00,2024-05-10 13:15:00,-454.0,20240510
INVK,permutation_entropy,2024-05-10 20:49:00,2024-05-10 13:25:00,-444.0,20240510
INVK,shannon_entropy,2024-05-10 20:49:00,2024-05-10 14:35:00,-374.0,20240510
INVK,spectral_entropy,2024-05-10 20:49:00,2024-05-10 13:10:00,-459.0,20240510
INVK,app_entropy,2024-05-10 20:49:00,2024-05-10 18:50:00,-119.0,20240510
INVK,hurst,2024-05-10 20:49:00,2024-05-10 19:55:00,-54.0,20240510
INVK,dfa,2024-05-10 20:49:00,,,20240510
INVK,mfhurst_b,2024-05-10 20:49:00,,,20240510
INVK,higuchi_fd,2024-05-10 20:49:00,2024-05-10 16:30:00,-259.0,20240510
INVK,katz_fd,2024-05-10 20:49:00,2024-05-10 13:10:00,-459.0,20240510
INVK,petrosian_fd,2024-05-10 20:49:00,2024-05-10 13:10:00,-459.0,20240510
INVK,lepel_ziv,2024-05-10 20:49:00,2024-05-10 16:00:00,-289.0,20240510
INVK,corr_dim,2024-05-10 20:49:00,2024-05-10 20:35:00,-14.0,20240510
